,belong
10766,1.0
5564,1.0
13252,1.0
9660,1.0
12257,1.0
12017,1.0
724,1.0
877,1.0
15457,1.0
529,1.0
9455,1.0
5510,1.0
15944,1.0
1946,1.0
14520,1.0
12191,1.0
1416,1.0
7975,1.0
13229,1.0
11139,1.0
9731,1.0
10057,1.0
10242,1.0
1307,1.0
7552,1.0
6105,1.0
13529,1.0
5659,1.0
7098,1.0
12030,1.0
13172,1.0
11866,1.0
13798,1.0
7653,1.0
7324,1.0
2749,1.0
7151,1.0
7100,1.0
8701,1.0
6354,1.0
9793,1.0
11039,1.0
10135,1.0
7382,1.0
1533,1.0
995,1.0
14858,1.0
1461,1.0
6079,1.0
14150,1.0
14797,1.0
8653,1.0
13659,1.0
2095,1.0
13457,1.0
14390,1.0
12797,1.0
7368,1.0
1963,1.0
12658,1.0
1075,1.0
5027,1.0
12556,1.0
13447,1.0
8492,1.0
4923,1.0
12382,1.0
10704,1.0
10812,1.0
1633,1.0
12184,1.0
7200,1.0
6493,1.0
2170,1.0
5915,1.0
14277,1.0
13498,1.0
5243,1.0
13800,1.0
7964,1.0
8582,1.0
2128,1.0
13304,1.0
4682,1.0
13460,1.0
3260,1.0
11062,1.0
3403,1.0
14579,1.0
4718,1.0
2786,1.0
8924,1.0
4210,1.0
7837,1.0
15763,1.0
13282,1.0
8590,1.0
4790,1.0
8632,1.0
8649,1.0
9104,1.0
10968,1.0
10117,1.0
2024,1.0
1816,1.0
687,1.0
14758,1.0
13263,1.0
3473,1.0
136,1.0
2570,1.0
2620,1.0
406,1.0
6905,1.0
1664,1.0
14254,1.0
775,1.0
13510,1.0
8608,1.0
929,1.0
11731,1.0
13489,1.0
2140,1.0
5393,1.0
9941,1.0
3361,1.0
4636,1.0
4239,1.0
2808,1.0
5489,1.0
13466,1.0
2270,1.0
888,1.0
3628,1.0
4935,1.0
3700,1.0
8040,1.0
4676,1.0
62,1.0
4514,1.0
8896,1.0
6082,1.0
3417,1.0
14238,1.0
9477,1.0
13104,1.0
7159,1.0
4563,1.0
10174,1.0
13362,1.0
10644,1.0
8722,1.0
4385,1.0
4794,1.0
13142,1.0
13525,1.0
14008,1.0
3610,1.0
14005,1.0
5814,1.0
6742,1.0
502,1.0
15978,1.0
12201,1.0
14417,1.0
12335,1.0
10186,1.0
8977,1.0
5327,1.0
11927,1.0
1058,1.0
15862,1.0
8068,1.0
14066,1.0
11740,1.0
15800,1.0
3189,1.0
5520,1.0
3196,1.0
13024,1.0
815,1.0
8117,1.0
3732,1.0
2612,1.0
11384,1.0
13256,1.0
5152,1.0
3275,1.0
10763,1.0
3905,1.0
15245,1.0
15754,1.0
2746,1.0
7001,1.0
3,1.0
15155,1.0
3959,1.0
5114,1.0
3089,1.0
2294,1.0
10998,1.0
9500,1.0
3141,1.0
15590,1.0
4143,1.0
5377,1.0
5429,1.0
10997,1.0
12550,1.0
12343,1.0
8821,1.0
6973,1.0
8888,1.0
15866,1.0
9687,1.0
14818,1.0
13388,1.0
14007,1.0
5552,1.0
8864,1.0
12398,1.0
4290,1.0
5172,1.0
3829,1.0
810,1.0
1153,1.0
16023,1.0
13892,1.0
12252,1.0
3086,1.0
16198,1.0
4910,1.0
14384,1.0
9812,1.0
4857,1.0
6837,1.0
15264,1.0
2751,1.0
4267,1.0
11379,1.0
5347,1.0
3181,1.0
5195,1.0
2691,1.0
4177,1.0
13458,1.0
46,1.0
6013,1.0
1100,1.0
13345,1.0
7279,1.0
9640,1.0
8774,1.0
8268,1.0
5921,1.0
13538,1.0
7097,1.0
9395,1.0
1464,1.0
1772,1.0
4996,1.0
8534,1.0
6224,1.0
16275,1.0
11493,1.0
15339,1.0
8692,1.0
7669,1.0
12946,1.0
13005,1.0
11453,1.0
12281,1.0
3440,1.0
13837,1.0
4207,1.0
949,1.0
2137,1.0
2382,1.0
10143,1.0
13382,1.0
7725,1.0
14323,1.0
4371,1.0
11603,1.0
15850,1.0
1607,1.0
7140,1.0
5132,1.0
7203,1.0
2003,1.0
1420,1.0
12877,1.0
2436,1.0
15610,1.0
6212,1.0
3145,1.0
12817,1.0
3652,1.0
13210,1.0
12466,1.0
12881,1.0
14409,1.0
14087,1.0
744,1.0
13301,1.0
4661,1.0
3604,1.0
6750,1.0
10086,1.0
11430,1.0
3645,1.0
5837,1.0
4205,1.0
14061,1.0
14003,1.0
9901,1.0
11183,1.0
12759,1.0
11650,1.0
9613,1.0
12491,1.0
11306,1.0
14271,1.0
6286,1.0
15753,1.0
15007,1.0
7229,1.0
14740,1.0
13446,1.0
6243,1.0
4692,1.0
7982,1.0
442,1.0
11156,1.0
1447,1.0
9543,1.0
11341,1.0
252,1.0
13929,1.0
13233,1.0
10790,1.0
10887,1.0
6227,1.0
3657,1.0
9037,1.0
15239,1.0
9408,1.0
14799,1.0
8097,1.0
10894,1.0
11143,1.0
3770,1.0
6689,1.0
3754,1.0
12172,1.0
6255,1.0
5412,1.0
2897,1.0
12885,1.0
5891,1.0
9845,1.0
11549,1.0
3878,1.0
6323,1.0
15865,1.0
11515,1.0
5361,1.0
2188,1.0
10668,1.0
9418,1.0
15710,1.0
7755,1.0
7560,1.0
7043,1.0
8228,1.0
12999,1.0
3823,1.0
14059,1.0
15468,1.0
1273,1.0
12399,1.0
615,1.0
9300,1.0
13651,1.0
11085,1.0
4035,1.0
1660,1.0
10408,1.0
11960,1.0
2604,1.0
12654,1.0
2768,1.0
10741,1.0
2564,1.0
2409,1.0
12534,1.0
12088,1.0
9209,1.0
7362,1.0
11081,1.0
13064,1.0
11198,1.0
11348,1.0
6565,1.0
7088,1.0
6942,1.0
553,1.0
13073,1.0
6220,1.0
2002,1.0
11551,1.0
12018,1.0
678,1.0
14521,1.0
9080,1.0
5486,1.0
12520,1.0
9334,1.0
5555,1.0
14684,1.0
487,1.0
6785,1.0
1480,1.0
9904,1.0
2837,1.0
10297,1.0
8673,1.0
14948,1.0
14768,1.0
3837,1.0
11811,1.0
16145,1.0
12952,1.0
1253,1.0
12858,1.0
4399,1.0
7907,1.0
1078,1.0
1256,1.0
15804,1.0
13118,1.0
8949,1.0
4986,1.0
8375,1.0
10769,1.0
10448,1.0
9415,1.0
8462,1.0
9098,1.0
105,1.0
5856,1.0
1045,1.0
16056,1.0
1998,1.0
4862,1.0
9119,1.0
7047,1.0
12644,1.0
4756,1.0
8417,1.0
1123,1.0
13824,1.0
14247,1.0
8899,1.0
11842,1.0
6476,1.0
6126,1.0
1201,1.0
5490,1.0
1570,1.0
960,1.0
6373,1.0
11298,1.0
9657,1.0
4878,1.0
6163,1.0
14081,1.0
13954,1.0
14881,1.0
5065,1.0
13296,1.0
15743,1.0
2642,1.0
1138,1.0
4879,1.0
11972,1.0
305,1.0
4455,1.0
8684,1.0
12472,1.0
5387,1.0
7742,1.0
154,1.0
11304,1.0
10018,1.0
7115,1.0
2898,1.0
14445,1.0
7129,1.0
12273,1.0
9656,1.0
11836,1.0
1199,1.0
4876,1.0
13072,1.0
6610,1.0
6544,1.0
9757,1.0
13812,1.0
14268,1.0
2767,1.0
6926,1.0
9992,1.0
7268,1.0
2089,1.0
16273,1.0
11559,1.0
1938,1.0
1562,1.0
7064,1.0
7165,1.0
12706,1.0
2802,1.0
11386,1.0
16278,1.0
3524,1.0
2672,1.0
4833,1.0
5582,1.0
15327,1.0
12196,1.0
5437,1.0
14281,1.0
14763,1.0
13215,1.0
3414,1.0
15844,1.0
4940,1.0
5785,1.0
2257,1.0
11496,1.0
3094,1.0
11810,1.0
7466,1.0
730,1.0
6834,1.0
8126,1.0
7566,1.0
7671,1.0
13217,1.0
6151,1.0
5902,1.0
10995,1.0
9350,1.0
10695,1.0
44,1.0
13901,1.0
6778,1.0
15696,1.0
10575,1.0
594,1.0
2686,1.0
5635,1.0
5442,1.0
3168,1.0
9585,1.0
3494,1.0
13331,1.0
5169,1.0
7690,1.0
7325,1.0
15858,1.0
10536,1.0
12476,1.0
4442,1.0
4429,1.0
2444,1.0
7897,1.0
2540,1.0
4487,1.0
12813,1.0
8599,1.0
6056,1.0
9696,1.0
4617,1.0
15927,1.0
14076,1.0
2511,1.0
14780,1.0
14522,1.0
5087,1.0
14865,1.0
12119,1.0
15575,1.0
8873,1.0
16146,1.0
10544,1.0
4993,1.0
8986,1.0
468,1.0
2429,1.0
1737,1.0
14796,1.0
4858,1.0
2978,1.0
175,1.0
2454,1.0
11956,1.0
2415,1.0
3950,1.0
1167,1.0
7606,1.0
11253,1.0
3313,1.0
7535,1.0
14105,1.0
8121,1.0
498,1.0
11733,1.0
10925,1.0
3664,1.0
13107,1.0
6838,1.0
3064,1.0
7554,1.0
3966,1.0
466,1.0
6308,1.0
6116,1.0
9264,1.0
13207,1.0
8264,1.0
13386,1.0
357,1.0
1327,1.0
13056,1.0
16269,1.0
8509,1.0
8631,1.0
408,1.0
884,1.0
15793,1.0
14021,1.0
3024,1.0
7094,1.0
12106,1.0
735,1.0
14724,1.0
14353,1.0
12532,1.0
10678,1.0
13356,1.0
603,1.0
7447,1.0
5278,1.0
8213,1.0
734,1.0
4141,1.0
3562,1.0
15820,1.0
5376,1.0
2222,1.0
14588,1.0
10946,1.0
9485,1.0
9114,1.0
10827,1.0
122,1.0
2815,1.0
10333,1.0
16143,1.0
7746,1.0
8674,1.0
1736,1.0
14911,1.0
2696,1.0
13225,1.0
14777,1.0
15448,1.0
10974,1.0
11459,1.0
7475,1.0
15350,1.0
14376,1.0
7711,1.0
212,1.0
8243,1.0
2922,1.0
5722,1.0
7334,1.0
669,1.0
4882,1.0
16018,1.0
13696,1.0
2138,1.0
3839,1.0
4478,1.0
3320,1.0
16272,1.0
4792,1.0
5549,1.0
4255,1.0
8100,1.0
2127,1.0
9595,1.0
11100,1.0
15175,1.0
6424,1.0
10641,1.0
10725,1.0
6687,1.0
8384,1.0
11519,1.0
2616,1.0
14896,1.0
3059,1.0
4077,1.0
14848,1.0
6174,1.0
4515,1.0
4800,1.0
12868,1.0
12632,1.0
11999,1.0
1831,1.0
14507,1.0
3890,1.0
2910,1.0
6248,1.0
2730,1.0
2777,1.0
14325,1.0
14512,1.0
2798,1.0
6877,1.0
2989,1.0
1972,1.0
16271,1.0
6101,1.0
15368,1.0
11794,1.0
12024,1.0
7497,1.0
10634,1.0
6551,1.0
36,1.0
7721,1.0
1103,1.0
156,1.0
4140,1.0
9584,1.0
694,1.0
7021,1.0
12179,1.0
8297,1.0
4572,1.0
14482,1.0
7093,1.0
8269,1.0
7640,1.0
6231,1.0
14542,1.0
5533,1.0
185,1.0
10961,1.0
2490,1.0
4641,1.0
3986,1.0
7018,1.0
2349,1.0
9570,1.0
10235,1.0
1157,1.0
9125,1.0
4885,1.0
4480,1.0
2045,1.0
3128,1.0
8900,1.0
9861,1.0
7685,1.0
11923,1.0
5615,1.0
16041,1.0
1336,1.0
1689,1.0
11447,1.0
6709,1.0
11574,1.0
7807,1.0
1232,1.0
6138,1.0
8180,1.0
10445,1.0
6027,1.0
4847,1.0
12468,1.0
8380,1.0
5308,1.0
5117,1.0
13540,1.0
16043,1.0
7781,1.0
10687,1.0
8880,1.0
7333,1.0
14597,1.0
12314,1.0
12914,1.0
3601,1.0
27,1.0
4522,1.0
16082,1.0
2772,1.0
15335,1.0
8113,1.0
13319,1.0
12077,1.0
15148,1.0
12086,1.0
11047,1.0
12419,1.0
9945,1.0
12700,1.0
13714,1.0
11418,1.0
7762,1.0
8303,1.0
1860,1.0
3666,1.0
638,1.0
3491,1.0
16205,1.0
3595,1.0
6876,1.0
9325,1.0
9387,1.0
7931,1.0
9105,1.0
4311,1.0
9682,1.0
6997,1.0
12368,1.0
15712,1.0
4234,1.0
10320,1.0
13261,1.0
6405,1.0
1221,1.0
13607,1.0
7150,1.0
1366,1.0
14735,1.0
12436,1.0
8167,1.0
579,1.0
14360,1.0
6020,1.0
7616,1.0
9592,1.0
7729,1.0
3817,1.0
12284,1.0
2619,1.0
5167,1.0
9577,1.0
5844,1.0
617,1.0
3990,1.0
12347,1.0
6526,1.0
5017,1.0
6401,1.0
14000,1.0
2179,1.0
3441,1.0
4586,1.0
10526,1.0
5365,1.0
15287,1.0
6090,1.0
695,1.0
681,1.0
10624,1.0
1299,1.0
12072,1.0
460,1.0
788,1.0
5574,1.0
3480,1.0
7336,1.0
4859,1.0
11562,1.0
12977,1.0
7973,1.0
7016,1.0
14534,1.0
14084,1.0
4606,1.0
6527,1.0
15303,1.0
332,1.0
13410,1.0
14989,1.0
1081,1.0
8895,1.0
9324,1.0
2596,1.0
8950,1.0
2698,1.0
7053,1.0
81,1.0
11634,1.0
9205,1.0
13344,1.0
13442,1.0
11090,1.0
3946,1.0
7000,1.0
13655,1.0
13295,1.0
5904,1.0
5416,1.0
13889,1.0
3565,1.0
10071,1.0
5286,1.0
4118,1.0
5047,1.0
15643,1.0
9452,1.0
9225,1.0
11233,1.0
2066,1.0
13694,1.0
10642,1.0
12085,1.0
8503,1.0
1154,1.0
10758,1.0
13271,1.0
8726,1.0
5540,1.0
2797,1.0
12598,1.0
9183,1.0
1610,1.0
7487,1.0
5268,1.0
5867,1.0
5928,1.0
12244,1.0
12796,1.0
14212,1.0
6386,1.0
5910,1.0
11965,1.0
15613,1.0
2717,1.0
589,1.0
3410,1.0
3948,1.0
2084,1.0
10933,1.0
1417,1.0
4730,1.0
5411,1.0
4165,1.0
14321,1.0
2217,1.0
7301,1.0
7611,1.0
11626,1.0
4219,1.0
4129,1.0
3025,1.0
7213,1.0
7994,1.0
2156,1.0
4435,1.0
7955,1.0
11224,1.0
2588,1.0
598,1.0
14770,1.0
13732,1.0
16229,1.0
12265,1.0
12415,1.0
7231,1.0
7045,1.0
15170,1.0
14292,1.0
5440,1.0
3619,1.0
9883,1.0
10453,1.0
1612,1.0
8122,1.0
6673,1.0
15301,1.0
9965,1.0
11860,1.0
6630,1.0
2385,1.0
6394,1.0
6888,1.0
3036,1.0
297,1.0
5084,1.0
1731,1.0
11029,1.0
11079,1.0
14416,1.0
15498,1.0
13514,1.0
15328,1.0
8803,1.0
7568,1.0
3418,1.0
11913,1.0
10102,1.0
5980,1.0
16149,1.0
8250,1.0
6095,1.0
3977,1.0
3620,1.0
5623,1.0
9435,1.0
9134,1.0
4655,1.0
4697,1.0
7161,1.0
6851,1.0
1693,1.0
4361,1.0
15430,1.0
5796,1.0
1510,1.0
13620,1.0
1753,1.0
13979,1.0
4211,1.0
11229,1.0
9180,1.0
13628,1.0
9681,1.0
10885,1.0
7483,1.0
4275,1.0
5037,1.0
13633,1.0
1733,1.0
10729,1.0
15897,1.0
9092,1.0
8876,1.0
5083,1.0
3352,1.0
7189,1.0
10201,1.0
10801,1.0
13558,1.0
16014,1.0
3003,1.0
2795,1.0
1769,1.0
15087,1.0
10688,1.0
12096,1.0
7075,1.0
3936,1.0
15161,1.0
5262,1.0
16270,1.0
10670,1.0
10073,1.0
14439,1.0
14687,1.0
8448,1.0
13666,1.0
13783,1.0
6026,1.0
4691,1.0
6055,1.0
11667,1.0
8397,1.0
15923,1.0
6242,1.0
12568,1.0
1945,1.0
16001,1.0
10075,1.0
11604,1.0
5448,1.0
9407,1.0
10317,1.0
7379,1.0
13573,1.0
7249,1.0
2875,1.0
6452,1.0
5627,1.0
10592,1.0
15888,1.0
9438,1.0
7367,1.0
836,1.0
7949,1.0
16114,1.0
13336,1.0
4637,1.0
7454,1.0
9766,1.0
914,1.0
8995,1.0
14845,1.0
7526,1.0
11350,1.0
10977,1.0
870,1.0
6017,1.0
3422,1.0
1759,1.0
4939,1.0
5811,1.0
15841,1.0
6324,1.0
10658,1.0
3285,1.0
5735,1.0
10835,1.0
6507,1.0
15916,1.0
13052,1.0
12744,1.0
10311,1.0
310,1.0
13701,1.0
15713,1.0
5797,1.0
3804,1.0
6374,1.0
7221,1.0
12809,1.0
616,1.0
273,1.0
8257,1.0
11867,1.0
6423,1.0
3913,1.0
4025,1.0
9976,1.0
11782,1.0
11473,1.0
13810,1.0
8569,1.0
643,1.0
6309,1.0
3353,1.0
15971,1.0
2635,1.0
4795,1.0
298,1.0
4711,1.0
15101,1.0
4941,1.0
15344,1.0
14314,1.0
9652,1.0
13413,1.0
14641,1.0
7058,1.0
5809,1.0
8142,1.0
15584,1.0
1631,1.0
6328,1.0
7632,1.0
417,1.0
12496,1.0
10979,1.0
9999,1.0
10778,1.0
12931,1.0
5977,1.0
9095,1.0
5778,1.0
1361,1.0
7585,1.0
15464,1.0
13590,1.0
355,1.0
9619,1.0
2475,1.0
1654,1.0
1115,1.0
1479,1.0
16,1.0
12455,1.0
14762,1.0
12482,1.0
5853,1.0
7149,1.0
10261,1.0
7953,1.0
5571,1.0
5630,1.0
7375,1.0
939,1.0
1415,1.0
6,1.0
9964,1.0
15044,1.0
7182,1.0
7128,1.0
2675,1.0
15647,1.0
11545,1.0
15988,1.0
13435,1.0
1528,1.0
8162,1.0
2162,1.0
7308,1.0
8023,1.0
9529,1.0
7400,1.0
819,1.0
922,1.0
7672,1.0
13507,1.0
8435,1.0
14131,1.0
1210,1.0
3085,1.0
1549,1.0
8586,1.0
6985,1.0
10881,1.0
6749,1.0
13465,1.0
7082,1.0
3721,1.0
5241,1.0
1097,1.0
3708,1.0
3173,1.0
14210,1.0
3552,1.0
9258,1.0
9382,1.0
9252,1.0
7673,1.0
10056,1.0
1062,1.0
1691,1.0
12585,1.0
14009,1.0
2061,1.0
855,1.0
14201,1.0
9862,1.0
8055,1.0
15641,1.0
10334,1.0
6533,1.0
6205,1.0
9988,1.0
4191,1.0
15757,1.0
9453,1.0
11323,1.0
800,1.0
6320,1.0
6647,1.0
2807,1.0
4268,1.0
6767,1.0
11282,1.0
14698,1.0
7642,1.0
9552,1.0
15644,1.0
3215,1.0
12070,1.0
9349,1.0
5066,1.0
5154,1.0
2438,1.0
4323,1.0
13245,1.0
3835,1.0
15090,1.0
14633,1.0
16055,1.0
1739,1.0
16260,1.0
1476,1.0
15631,1.0
10860,1.0
166,1.0
244,1.0
14170,1.0
5148,1.0
3041,1.0
13872,1.0
13681,1.0
8858,1.0
9196,1.0
1190,1.0
4428,1.0
1047,1.0
2775,1.0
701,1.0
15567,1.0
11607,1.0
2087,1.0
2391,1.0
2319,1.0
3929,1.0
3375,1.0
14232,1.0
15400,1.0
8342,1.0
14741,1.0
4494,1.0
8639,1.0
16263,1.0
347,1.0
9148,1.0
989,1.0
11855,1.0
14607,1.0
14694,1.0
15911,1.0
6237,1.0
4612,1.0
13194,1.0
7464,1.0
3998,1.0
9984,1.0
9381,1.0
8386,1.0
11014,1.0
9662,1.0
2765,1.0
1854,1.0
6382,1.0
11075,1.0
6268,1.0
1306,1.0
1441,1.0
15986,1.0
3920,1.0
5607,1.0
13640,1.0
11688,1.0
8733,1.0
15618,1.0
1784,1.0
3261,1.0
3454,1.0
13244,1.0
15656,1.0
4743,1.0
2674,1.0
6270,1.0
1505,1.0
6561,1.0
7304,1.0
12425,1.0
7118,1.0
14165,1.0
11131,1.0
5854,1.0
8308,1.0
849,1.0
13931,1.0
14578,1.0
13472,1.0
2096,1.0
8690,1.0
140,1.0
8691,1.0
15075,1.0
4985,1.0
16013,1.0
15416,1.0
12683,1.0
14138,1.0
12950,1.0
14424,1.0
4539,1.0
14785,1.0
7817,1.0
6085,1.0
6649,1.0
1358,1.0
2801,1.0
395,1.0
6650,1.0
8759,1.0
10527,1.0
11675,1.0
9870,1.0
8356,1.0
10643,1.0
14171,1.0
16081,1.0
3925,1.0
14032,1.0
7133,1.0
16277,1.0
14305,1.0
8823,1.0
9059,1.0
15444,1.0
4158,1.0
76,1.0
12957,1.0
4229,1.0
5765,1.0
4968,1.0
15442,1.0
1779,1.0
12554,1.0
8929,1.0
10581,1.0
9940,1.0
7587,1.0
4948,1.0
8483,1.0
2725,1.0
10956,1.0
8614,1.0
5333,1.0
8965,1.0
2695,1.0
588,1.0
1692,1.0
2865,1.0
13871,1.0
5280,1.0
8937,1.0
12130,1.0
14223,1.0
7267,1.0
1557,1.0
5449,1.0
15197,1.0
16063,1.0
9867,1.0
8872,1.0
5209,1.0
3621,1.0
10298,1.0
6941,1.0
3063,1.0
15135,1.0
15399,1.0
13764,1.0
12241,1.0
5822,1.0
3608,1.0
15488,1.0
1408,1.0
4393,1.0
12814,1.0
6437,1.0
87,1.0
9339,1.0
9473,1.0
13076,1.0
8637,1.0
5025,1.0
2250,1.0
15237,1.0
16284,1.0
14556,1.0
10651,1.0
16085,1.0
7086,1.0
7206,1.0
1114,1.0
4926,1.0
2555,1.0
8921,1.0
9446,1.0
2639,1.0
13237,1.0
4060,1.0
5352,1.0
2338,1.0
10848,1.0
3838,1.0
14813,1.0
11454,1.0
7917,1.0
9289,1.0
10966,1.0
4817,1.0
11144,1.0
14580,1.0
14022,1.0
186,1.0
12075,1.0
4163,1.0
7108,1.0
1169,1.0
1308,1.0
1973,1.0
13048,1.0
3374,1.0
13033,1.0
6537,1.0
5587,1.0
5616,1.0
9296,1.0
4967,1.0
2502,1.0
11376,1.0
2962,1.0
2020,1.0
2245,1.0
12605,1.0
13933,1.0
14900,1.0
10847,1.0
12410,1.0
4217,1.0
14722,1.0
5548,1.0
8111,1.0
7489,1.0
7328,1.0
3889,1.0
4650,1.0
12488,1.0
2486,1.0
8852,1.0
3886,1.0
4427,1.0
5614,1.0
12282,1.0
14058,1.0
11507,1.0
7857,1.0
6185,1.0
10211,1.0
10686,1.0
3622,1.0
12693,1.0
13484,1.0
8084,1.0
15251,1.0
7543,1.0
7528,1.0
872,1.0
10653,1.0
13819,1.0
4561,1.0
8923,1.0
797,1.0
8,1.0
9138,1.0
1319,1.0
6380,1.0
16089,1.0
1056,1.0
4176,1.0
4443,1.0
6815,1.0
14365,1.0
449,1.0
9176,1.0
2535,1.0
749,1.0
11664,1.0
6690,1.0
13648,1.0
3177,1.0
7284,1.0
9131,1.0
3866,1.0
2186,1.0
15857,1.0
5901,1.0
7625,1.0
4752,1.0
8516,1.0
4397,1.0
12500,1.0
8706,1.0
5529,1.0
5329,1.0
365,1.0
6761,1.0
11437,1.0
10084,1.0
8717,1.0
11679,1.0
4647,1.0
11530,1.0
811,1.0
8881,1.0
1197,1.0
1173,1.0
9508,1.0
11529,1.0
4300,1.0
3164,1.0
8258,1.0
15475,1.0
13156,1.0
11395,1.0
7476,1.0
4550,1.0
762,1.0
8360,1.0
5724,1.0
12049,1.0
14341,1.0
6492,1.0
9728,1.0
6347,1.0
4012,1.0
9744,1.0
7564,1.0
12848,1.0
13995,1.0
13639,1.0
11774,1.0
10911,1.0
7370,1.0
4269,1.0
6091,1.0
5063,1.0
5973,1.0
7614,1.0
2611,1.0
8568,1.0
2225,1.0
3378,1.0
1906,1.0
15376,1.0
10518,1.0
11400,1.0
15076,1.0
4820,1.0
14473,1.0
5950,1.0
1269,1.0
7594,1.0
339,1.0
1132,1.0
17,1.0
5842,1.0
14406,1.0
12985,1.0
7363,1.0
13598,1.0
65,1.0
7886,1.0
3049,1.0
13168,1.0
8540,1.0
7218,1.0
8260,1.0
14029,1.0
16285,1.0
3188,1.0
13608,1.0
5382,1.0
10267,1.0
9856,1.0
5091,1.0
13032,1.0
868,1.0
5772,1.0
415,1.0
3962,1.0
14729,1.0
11271,1.0
5398,1.0
7297,1.0
13939,1.0
10621,1.0
4755,1.0
12233,1.0
5995,1.0
7863,1.0
5019,1.0
15027,1.0
11476,1.0
14468,1.0
2482,1.0
13667,1.0
6700,1.0
15377,1.0
5579,1.0
3130,1.0
760,1.0
1095,1.0
1915,1.0
3432,1.0
10204,1.0
130,1.0
13195,1.0
10253,1.0
2440,1.0
14336,1.0
8600,1.0
8095,1.0
14481,1.0
10684,1.0
5566,1.0
4384,1.0
13081,1.0
15668,1.0
5021,1.0
6756,1.0
11458,1.0
10924,1.0
6318,1.0
1625,1.0
380,1.0
4520,1.0
9653,1.0
15083,1.0
15401,1.0
10511,1.0
6739,1.0
15982,1.0
5173,1.0
3171,1.0
4869,1.0
8820,1.0
11777,1.0
15767,1.0
7822,1.0
11644,1.0
9483,1.0
14332,1.0
13835,1.0
139,1.0
6458,1.0
6473,1.0
251,1.0
8588,1.0
309,1.0
1925,1.0
5767,1.0
7224,1.0
5122,1.0
12122,1.0
14872,1.0
3366,1.0
8641,1.0
8256,1.0
15654,1.0
1032,1.0
12264,1.0
10569,1.0
12412,1.0
506,1.0
5713,1.0
3588,1.0
4602,1.0
5479,1.0
10248,1.0
14491,1.0
138,1.0
3752,1.0
13569,1.0
7835,1.0
4726,1.0
12229,1.0
14787,1.0
2963,1.0
11659,1.0
13377,1.0
10938,1.0
14987,1.0
7627,1.0
15349,1.0
14055,1.0
10623,1.0
1720,1.0
14784,1.0
992,1.0
7232,1.0
3046,1.0
15853,1.0
6435,1.0
905,1.0
11854,1.0
7648,1.0
6191,1.0
10532,1.0
796,1.0
12962,1.0
3649,1.0
15524,1.0
946,1.0
12322,1.0
12515,1.0
9919,1.0
3078,1.0
11946,1.0
1270,1.0
1761,1.0
8237,1.0
14581,1.0
4999,1.0
10604,1.0
9112,1.0
7718,1.0
2609,1.0
3104,1.0
14811,1.0
6262,1.0
11831,1.0
13150,1.0
2567,1.0
13196,1.0
7701,1.0
5104,1.0
6505,1.0
15073,1.0
15165,1.0
11645,1.0
6811,1.0
8552,1.0
15434,1.0
2057,1.0
1148,1.0
1624,1.0
2164,1.0
12386,1.0
10451,1.0
4010,1.0
10522,1.0
10454,1.0
15157,1.0
4477,1.0
1700,1.0
12011,1.0
10895,1.0
6251,1.0
1994,1.0
11390,1.0
8836,1.0
9376,1.0
15320,1.0
5143,1.0
15058,1.0
13623,1.0
8592,1.0
6122,1.0
15453,1.0
10012,1.0
4473,1.0
2182,1.0
896,1.0
16084,1.0
10926,1.0
374,1.0
15821,1.0
13039,1.0
4936,1.0
4231,1.0
8693,1.0
8932,1.0
12220,1.0
7383,1.0
6214,1.0
11366,1.0
15142,1.0
10422,1.0
9403,1.0
12578,1.0
12600,1.0
1409,1.0
14342,1.0
16016,1.0
8485,1.0
15495,1.0
1077,1.0
7407,1.0
13964,1.0
14820,1.0
13564,1.0
6658,1.0
15385,1.0
8773,1.0
5368,1.0
11792,1.0
16246,1.0
6754,1.0
2736,1.0
4132,1.0
14024,1.0
4722,1.0
458,1.0
464,1.0
10872,1.0
13949,1.0
13105,1.0
5606,1.0
15760,1.0
5677,1.0
9759,1.0
12047,1.0
9026,1.0
10939,1.0
9487,1.0
6261,1.0
4628,1.0
14448,1.0
8681,1.0
4276,1.0
439,1.0
16138,1.0
3466,1.0
9683,1.0
10271,1.0
2293,1.0
5644,1.0
1519,1.0
14590,1.0
15394,1.0
6894,1.0
996,1.0
453,1.0
11296,1.0
1057,1.0
2239,1.0
3339,1.0
3017,1.0
4535,1.0
5646,1.0
12699,1.0
4852,1.0
7812,1.0
14295,1.0
4754,1.0
6480,1.0
6036,1.0
14348,1.0
11791,1.0
7947,1.0
11071,1.0
11912,1.0
4642,1.0
7845,1.0
11303,1.0
1978,1.0
14804,1.0
2498,1.0
5158,1.0
634,1.0
5663,1.0
13174,1.0
9629,1.0
10567,1.0
4485,1.0
12161,1.0
8134,1.0
15667,1.0
13955,1.0
7013,1.0
12668,1.0
4196,1.0
10548,1.0
8905,1.0
11076,1.0
14850,1.0
14196,1.0
4110,1.0
10858,1.0
9638,1.0
2774,1.0
8997,1.0
10032,1.0
6678,1.0
11662,1.0
9043,1.0
5866,1.0
12338,1.0
3997,1.0
13200,1.0
9158,1.0
10838,1.0
7609,1.0
8440,1.0
667,1.0
3194,1.0
14935,1.0
5817,1.0
2322,1.0
2883,1.0
12657,1.0
16254,1.0
14880,1.0
7887,1.0
11240,1.0
14730,1.0
8796,1.0
3126,1.0
4088,1.0
2441,1.0
3724,1.0
11982,1.0
2836,1.0
7306,1.0
11155,1.0
16099,1.0
3023,1.0
13794,1.0
4851,1.0
1719,1.0
5893,1.0
3197,1.0
12880,1.0
15615,1.0
12557,1.0
948,1.0
12109,1.0
8806,1.0
16135,1.0
5553,1.0
2177,1.0
6746,1.0
11861,1.0
1827,1.0
714,1.0
13972,1.0
11319,1.0
8159,1.0
11566,1.0
7440,1.0
12770,1.0
9719,1.0
236,1.0
4937,1.0
4509,1.0
1898,1.0
14077,1.0
8498,1.0
5918,1.0
2630,1.0
9560,1.0
272,1.0
2040,1.0
8468,1.0
4707,1.0
12810,1.0
6293,1.0
576,1.0
9865,1.0
13721,1.0
6807,1.0
1870,1.0
14294,1.0
15736,1.0
274,1.0
15181,1.0
11737,1.0
1498,1.0
7850,1.0
11234,1.0
7465,1.0
6949,1.0
11410,1.0
10791,1.0
8017,1.0
3800,1.0
15559,1.0
3615,1.0
10066,1.0
2594,1.0
3119,1.0
4040,1.0
9907,1.0
1052,1.0
10041,1.0
11490,1.0
1525,1.0
2248,1.0
9576,1.0
2891,1.0
4594,1.0
14120,1.0
6721,1.0
7919,1.0
3463,1.0
2558,1.0
1333,1.0
9266,1.0
5565,1.0
3540,1.0
13769,1.0
4685,1.0
6643,1.0
12249,1.0
3066,1.0
12185,1.0
13080,1.0
10959,1.0
13653,1.0
13416,1.0
5012,1.0
6989,1.0
9855,1.0
8022,1.0
306,1.0
12676,1.0
2667,1.0
7941,1.0
13316,1.0
11051,1.0
14216,1.0
1041,1.0
12627,1.0
5185,1.0
7979,1.0
1933,1.0
10705,1.0
707,1.0
13795,1.0
8520,1.0
12384,1.0
9072,1.0
6047,1.0
16206,1.0
132,1.0
14358,1.0
14015,1.0
14408,1.0
8570,1.0
12867,1.0
15244,1.0
8311,1.0
12963,1.0
13283,1.0
12787,1.0
4125,1.0
15685,1.0
3227,1.0
1276,1.0
11991,1.0
12454,1.0
10350,1.0
4505,1.0
12760,1.0
6074,1.0
13779,1.0
5468,1.0
15740,1.0
16058,1.0
2233,1.0
13866,1.0
5281,1.0
59,1.0
8709,1.0
12127,1.0
1852,1.0
7684,1.0
14234,1.0
13079,1.0
5457,1.0
8098,1.0
11925,1.0
12898,1.0
6522,1.0
11833,1.0
5674,1.0
11077,1.0
13454,1.0
1040,1.0
5284,1.0
12089,1.0
11477,1.0
10436,1.0
1039,1.0
3691,1.0
15694,1.0
15128,1.0
10829,1.0
11734,1.0
1099,1.0
10406,1.0
3452,1.0
15484,1.0
14647,1.0
12217,1.0
5485,1.0
3112,1.0
11712,1.0
2390,1.0
600,1.0
10269,1.0
8702,1.0
8092,1.0
1398,1.0
3832,1.0
15594,1.0
1060,1.0
10935,1.0
8271,1.0
224,1.0
6200,1.0
348,1.0
9792,1.0
7099,1.0
13299,1.0
1794,1.0
15384,1.0
8151,1.0
11565,1.0
8533,1.0
15336,1.0
6803,1.0
11763,1.0
3679,1.0
7577,1.0
4568,1.0
5445,1.0
661,1.0
6826,1.0
9886,1.0
15324,1.0
221,1.0
5312,1.0
3149,1.0
14939,1.0
778,1.0
9998,1.0
12396,1.0
9836,1.0
11824,1.0
4704,1.0
8530,1.0
10332,1.0
14429,1.0
4046,1.0
14243,1.0
8352,1.0
1591,1.0
15037,1.0
13129,1.0
9821,1.0
5174,1.0
11506,1.0
5199,1.0
10849,1.0
4090,1.0
16080,1.0
9272,1.0
2021,1.0
8868,1.0
5987,1.0
1193,1.0
9937,1.0
14577,1.0
14010,1.0
5500,1.0
1911,1.0
4810,1.0
14064,1.0
12891,1.0
2578,1.0
3129,1.0
8446,1.0
15039,1.0
15026,1.0
11785,1.0
4178,1.0
2161,1.0
5,1.0
11200,1.0
15455,1.0
2416,1.0
3263,1.0
3290,1.0
8656,1.0
10520,1.0
9359,1.0
5075,1.0
11663,1.0
12933,1.0
3791,1.0
6199,1.0
12964,1.0
11388,1.0
5035,1.0
11218,1.0
4056,1.0
5129,1.0
11727,1.0
586,1.0
2262,1.0
10618,1.0
7262,1.0
11,1.0
8488,1.0
15202,1.0
14983,1.0
5683,1.0
3225,1.0
10383,1.0
1489,1.0
10682,1.0
10110,1.0
15928,1.0
318,1.0
5291,1.0
6712,1.0
10615,1.0
3547,1.0
6776,1.0
14702,1.0
7355,1.0
5660,1.0
521,1.0
10176,1.0
404,1.0
6471,1.0
1808,1.0
12672,1.0
3289,1.0
12055,1.0
7119,1.0
119,1.0
12662,1.0
8280,1.0
14662,1.0
12844,1.0
15480,1.0
2759,1.0
13407,1.0
2948,1.0
6992,1.0
1577,1.0
14950,1.0
15325,1.0
15192,1.0
2991,1.0
11678,1.0
9504,1.0
6771,1.0
14527,1.0
11578,1.0
2942,1.0
7856,1.0
2870,1.0
1861,1.0
12920,1.0
4856,1.0
500,1.0
108,1.0
15371,1.0
2224,1.0
2290,1.0
2666,1.0
8104,1.0
12062,1.0
13291,1.0
5196,1.0
6216,1.0
15211,1.0
11552,1.0
14573,1.0
14855,1.0
3952,1.0
5936,1.0
6233,1.0
3201,1.0
15419,1.0
5805,1.0
13801,1.0
7876,1.0
11276,1.0
10638,1.0
16220,1.0
14561,1.0
6294,1.0
10137,1.0
13273,1.0
11015,1.0
10349,1.0
951,1.0
12475,1.0
6049,1.0
14387,1.0
3448,1.0
14442,1.0
5161,1.0
15431,1.0
12752,1.0
4588,1.0
1156,1.0
12125,1.0
9614,1.0
879,1.0
11765,1.0
4554,1.0
13300,1.0
6340,1.0
10140,1.0
823,1.0
15714,1.0
2753,1.0
3326,1.0
15959,1.0
443,1.0
4904,1.0
2812,1.0
14043,1.0
4330,1.0
16092,1.0
14751,1.0
3308,1.0
3667,1.0
12667,1.0
7647,1.0
4826,1.0
8859,1.0
14912,1.0
9302,1.0
8261,1.0
8793,1.0
7858,1.0
9882,1.0
7662,1.0
7460,1.0
2613,1.0
3881,1.0
13307,1.0
14279,1.0
7215,1.0
14861,1.0
494,1.0
10612,1.0
9686,1.0
2364,1.0
4251,1.0
2701,1.0
6016,1.0
14899,1.0
2504,1.0
7731,1.0
11922,1.0
7665,1.0
94,1.0
13146,1.0
4139,1.0
10391,1.0
12213,1.0
333,1.0
13276,1.0
8204,1.0
1536,1.0
241,1.0
10750,1.0
253,1.0
4468,1.0
14333,1.0
14898,1.0
11986,1.0
11686,1.0
1283,1.0
6292,1.0
1568,1.0
14569,1.0
9794,1.0
14484,1.0
6950,1.0
8760,1.0
9298,1.0
1583,1.0
16142,1.0
6567,1.0
9942,1.0
8518,1.0
7069,1.0
13493,1.0
7162,1.0
742,1.0
16176,1.0
4536,1.0
13308,1.0
12687,1.0
7582,1.0
2970,1.0
15532,1.0
358,1.0
12846,1.0
3478,1.0
13934,1.0
14713,1.0
1090,1.0
10891,1.0
3057,1.0
9974,1.0
1895,1.0
881,1.0
14135,1.0
9461,1.0
3675,1.0
2533,1.0
8934,1.0
13177,1.0
13678,1.0
3050,1.0
1639,1.0
3296,1.0
1881,1.0
15842,1.0
7686,1.0
9955,1.0
4998,1.0
4543,1.0
5888,1.0
14494,1.0
4947,1.0
7078,1.0
13399,1.0
412,1.0
8362,1.0
16015,1.0
1826,1.0
10347,1.0
12638,1.0
11907,1.0
12411,1.0
12068,1.0
9496,1.0
2405,1.0
2629,1.0
14888,1.0
5577,1.0
10521,1.0
8992,1.0
523,1.0
15561,1.0
14753,1.0
12857,1.0
13420,1.0
15363,1.0
1931,1.0
14660,1.0
3638,1.0
8131,1.0
10541,1.0
12137,1.0
13278,1.0
15033,1.0
13907,1.0
15539,1.0
8171,1.0
7377,1.0
13221,1.0
5434,1.0
16118,1.0
13839,1.0
11242,1.0
3568,1.0
6638,1.0
3221,1.0
6999,1.0
7795,1.0
9548,1.0
4329,1.0
6063,1.0
8306,1.0
15715,1.0
7023,1.0
11094,1.0
4570,1.0
3237,1.0
15209,1.0
13424,1.0
14149,1.0
7038,1.0
3943,1.0
3825,1.0
8057,1.0
9281,1.0
16121,1.0
9568,1.0
1116,1.0
12713,1.0
14132,1.0
13913,1.0
14128,1.0
15021,1.0
2479,1.0
13645,1.0
7153,1.0
5053,1.0
816,1.0
1414,1.0
6564,1.0
2709,1.0
9981,1.0
13426,1.0
152,1.0
12830,1.0
8236,1.0
4238,1.0
1917,1.0
6482,1.0
13085,1.0
14361,1.0
12352,1.0
649,1.0
14450,1.0
2670,1.0
12236,1.0
1606,1.0
8685,1.0
15695,1.0
2347,1.0
7683,1.0
11210,1.0
1614,1.0
1069,1.0
11543,1.0
488,1.0
6799,1.0
3603,1.0
14791,1.0
15048,1.0
2770,1.0
14714,1.0
1701,1.0
4679,1.0
13363,1.0
9714,1.0
43,1.0
6245,1.0
14737,1.0
8794,1.0
5997,1.0
9313,1.0
6568,1.0
5032,1.0
10830,1.0
11635,1.0
4019,1.0
1302,1.0
3762,1.0
6131,1.0
9718,1.0
5697,1.0
7425,1.0
6994,1.0
8026,1.0
3741,1.0
13341,1.0
3245,1.0
809,1.0
13847,1.0
1755,1.0
3451,1.0
3598,1.0
10338,1.0
11523,1.0
11917,1.0
9118,1.0
11642,1.0
3852,1.0
13389,1.0
7070,1.0
9051,1.0
14379,1.0
11827,1.0
3523,1.0
10878,1.0
10788,1.0
5140,1.0
15141,1.0
13369,1.0
15277,1.0
477,1.0
10446,1.0
787,1.0
14879,1.0
11822,1.0
3734,1.0
2102,1.0
972,1.0
674,1.0
5288,1.0
6956,1.0
4363,1.0
7076,1.0
9591,1.0
2565,1.0
1970,1.0
118,1.0
3683,1.0
14508,1.0
10970,1.0
11328,1.0
1871,1.0
10928,1.0
11556,1.0
10289,1.0
7422,1.0
15933,1.0
9405,1.0
9943,1.0
14594,1.0
15200,1.0
9927,1.0
11372,1.0
971,1.0
13788,1.0
4103,1.0
10820,1.0
11729,1.0
9469,1.0
2877,1.0
3984,1.0
2708,1.0
9914,1.0
10844,1.0
2914,1.0
12656,1.0
6312,1.0
14057,1.0
9908,1.0
11111,1.0
7474,1.0
13626,1.0
10650,1.0
7700,1.0
6552,1.0
15535,1.0
1136,1.0
15531,1.0
712,1.0
11017,1.0
10628,1.0
1872,1.0
4465,1.0
6203,1.0
12393,1.0
3385,1.0
10874,1.0
2044,1.0
5245,1.0
15483,1.0
6322,1.0
15029,1.0
11193,1.0
8985,1.0
7374,1.0
7471,1.0
9165,1.0
2925,1.0
6100,1.0
7390,1.0
584,1.0
6034,1.0
3525,1.0
2907,1.0
11471,1.0
8715,1.0
8882,1.0
3032,1.0
11589,1.0
12010,1.0
8747,1.0
5637,1.0
4905,1.0
15153,1.0
13347,1.0
13310,1.0
10588,1.0
16032,1.0
16021,1.0
563,1.0
10768,1.0
3205,1.0
3142,1.0
12290,1.0
916,1.0
15022,1.0
10732,1.0
5326,1.0
11868,1.0
6855,1.0
11951,1.0
4501,1.0
8313,1.0
9087,1.0
13672,1.0
9725,1.0
15067,1.0
1093,1.0
7290,1.0
1908,1.0
14477,1.0
6096,1.0
14412,1.0
10429,1.0
11272,1.0
6968,1.0
4814,1.0
5966,1.0
4446,1.0
4519,1.0
10438,1.0
5491,1.0
7257,1.0
9741,1.0
6284,1.0
1523,1.0
5010,1.0
3186,1.0
5723,1.0
11225,1.0
4644,1.0
9539,1.0
3009,1.0
10364,1.0
12527,1.0
15131,1.0
6393,1.0
15917,1.0
15288,1.0
4386,1.0
2636,1.0
3713,1.0
4309,1.0
12900,1.0
9260,1.0
15585,1.0
12497,1.0
10839,1.0
11342,1.0
15097,1.0
243,1.0
11082,1.0
2104,1.0
9796,1.0
3785,1.0
11744,1.0
15574,1.0
11955,1.0
4020,1.0
6310,1.0
1873,1.0
15194,1.0
15931,1.0
7763,1.0
6790,1.0
4656,1.0
8275,1.0
4381,1.0
7312,1.0
14643,1.0
9702,1.0
4728,1.0
2069,1.0
2896,1.0
2602,1.0
2664,1.0
9837,1.0
11505,1.0
14510,1.0
11954,1.0
15938,1.0
1878,1.0
15538,1.0
4626,1.0
2491,1.0
12136,1.0
6092,1.0
11465,1.0
2392,1.0
106,1.0
11239,1.0
6496,1.0
5877,1.0
8371,1.0
12710,1.0
9054,1.0
12369,1.0
10597,1.0
15581,1.0
14940,1.0
1188,1.0
8513,1.0
1277,1.0
10331,1.0
969,1.0
7959,1.0
8671,1.0
8861,1.0
6698,1.0
6367,1.0
11899,1.0
10113,1.0
2671,1.0
717,1.0
5085,1.0
1782,1.0
3435,1.0
13238,1.0
6605,1.0
5225,1.0
9729,1.0
13334,1.0
16253,1.0
4369,1.0
1468,1.0
3269,1.0
3268,1.0
6590,1.0
6915,1.0
7029,1.0
13898,1.0
3212,1.0
4006,1.0
2082,1.0
5730,1.0
12373,1.0
14890,1.0
2527,1.0
14910,1.0
7235,1.0
9522,1.0
15689,1.0
8801,1.0
7922,1.0
1085,1.0
9459,1.0
9416,1.0
3848,1.0
2778,1.0
13902,1.0
827,1.0
13243,1.0
11089,1.0
1948,1.0
10459,1.0
7827,1.0
15648,1.0
325,1.0
12723,1.0
14090,1.0
623,1.0
11621,1.0
6058,1.0
10724,1.0
5233,1.0
13799,1.0
10669,1.0
11460,1.0
4962,1.0
14742,1.0
3427,1.0
11074,1.0
9711,1.0
4382,1.0
4389,1.0
6921,1.0
13499,1.0
13991,1.0
8784,1.0
137,1.0
4645,1.0
7645,1.0
8644,1.0
3117,1.0
5620,1.0
367,1.0
354,1.0
7028,1.0
3273,1.0
10040,1.0
15485,1.0
13361,1.0
8359,1.0
5090,1.0
7884,1.0
13584,1.0
10752,1.0
2917,1.0
11461,1.0
9637,1.0
13559,1.0
4391,1.0
1836,1.0
12882,1.0
7426,1.0
7956,1.0
12743,1.0
11262,1.0
13784,1.0
11779,1.0
13169,1.0
6453,1.0
14609,1.0
11006,1.0
14630,1.0
8779,1.0
1150,1.0
14897,1.0
10068,1.0
13272,1.0
9303,1.0
10043,1.0
10374,1.0
15541,1.0
6635,1.0
7885,1.0
10954,1.0
1459,1.0
3659,1.0
12331,1.0
6484,1.0
601,1.0
8027,1.0
11204,1.0
6301,1.0
9049,1.0
2803,1.0
3329,1.0
4018,1.0
703,1.0
7469,1.0
8287,1.0
5198,1.0
14433,1.0
4860,1.0
15051,1.0
11263,1.0
190,1.0
9740,1.0
3346,1.0
13587,1.0
3957,1.0
8473,1.0
3707,1.0
14853,1.0
7266,1.0
4270,1.0
14312,1.0
2117,1.0
3097,1.0
13597,1.0
15379,1.0
14988,1.0
15470,1.0
7057,1.0
11394,1.0
6736,1.0
5462,1.0
5501,1.0
2469,1.0
12894,1.0
10244,1.0
3486,1.0
4696,1.0
11440,1.0
8201,1.0
12285,1.0
10091,1.0
14616,1.0
11963,1.0
8845,1.0
9716,1.0
15321,1.0
3663,1.0
12512,1.0
14462,1.0
14846,1.0
14078,1.0
11837,1.0
10133,1.0
1897,1.0
15050,1.0
1288,1.0
4034,1.0
4138,1.0
11575,1.0
14184,1.0
2993,1.0
3617,1.0
11190,1.0
9161,1.0
4603,1.0
7602,1.0
6752,1.0
6464,1.0
6136,1.0
13113,1.0
13365,1.0
4263,1.0
11599,1.0
1070,1.0
12400,1.0
15526,1.0
1104,1.0
12146,1.0
7441,1.0
14224,1.0
2756,1.0
11070,1.0
1312,1.0
8366,1.0
11230,1.0
10078,1.0
1785,1.0
15329,1.0
10510,1.0
12317,1.0
10435,1.0
2501,1.0
4727,1.0
12777,1.0
9975,1.0
11750,1.0
2083,1.0
6748,1.0
15522,1.0
11877,1.0
3928,1.0
1469,1.0
9328,1.0
11045,1.0
4646,1.0
10731,1.0
14997,1.0
5322,1.0
13029,1.0
16098,1.0
3274,1.0
9075,1.0
12769,1.0
3456,1.0
4989,1.0
10697,1.0
6642,1.0
652,1.0
15761,1.0
14945,1.0
14422,1.0
9581,1.0
9128,1.0
14959,1.0
1684,1.0
7481,1.0
11544,1.0
13615,1.0
13527,1.0
6470,1.0
7126,1.0
14632,1.0
9318,1.0
6571,1.0
3228,1.0
14398,1.0
14396,1.0
6606,1.0
10307,1.0
10172,1.0
2626,1.0
2827,1.0
12359,1.0
14583,1.0
1941,1.0
8486,1.0
12417,1.0
1410,1.0
12423,1.0
3944,1.0
10005,1.0
14931,1.0
15323,1.0
10106,1.0
3325,1.0
14443,1.0
568,1.0
8626,1.0
8636,1.0
15683,1.0
7505,1.0
13811,1.0
2325,1.0
13986,1.0
6343,1.0
14451,1.0
1059,1.0
5580,1.0
13185,1.0
1709,1.0
2273,1.0
231,1.0
13625,1.0
8710,1.0
239,1.0
13927,1.0
1293,1.0
5379,1.0
11214,1.0
14727,1.0
2734,1.0
3398,1.0
10328,1.0
4583,1.0
14151,1.0
858,1.0
11249,1.0
10092,1.0
9931,1.0
3393,1.0
12462,1.0
7772,1.0
6338,1.0
773,1.0
12552,1.0
5136,1.0
11950,1.0
11746,1.0
2561,1.0
8114,1.0
2834,1.0
13437,1.0
1007,1.0
10116,1.0
7479,1.0
1309,1.0
6841,1.0
38,1.0
73,1.0
10941,1.0
4845,1.0
6681,1.0
10703,1.0
1462,1.0
1894,1.0
13859,1.0
894,1.0
12538,1.0
15886,1.0
4097,1.0
3879,1.0
8732,1.0
6244,1.0
373,1.0
11539,1.0
15623,1.0
15892,1.0
10739,1.0
10551,1.0
12820,1.0
4917,1.0
15012,1.0
14391,1.0
57,1.0
7190,1.0
10901,1.0
7039,1.0
15003,1.0
7125,1.0
2905,1.0
8797,1.0
12980,1.0
9910,1.0
485,1.0
8559,1.0
3841,1.0
12626,1.0
9923,1.0
11486,1.0
15562,1.0
4587,1.0
4828,1.0
15759,1.0
6362,1.0
8769,1.0
3978,1.0
8048,1.0
15510,1.0
4748,1.0
2792,1.0
1284,1.0
15921,1.0
8524,1.0
10281,1.0
15279,1.0
8225,1.0
337,1.0
13579,1.0
5782,1.0
26,1.0
6745,1.0
7867,1.0
1955,1.0
5626,1.0
1858,1.0
15345,1.0
3870,1.0
3133,1.0
6483,1.0
1216,1.0
12045,1.0
164,1.0
228,1.0
702,1.0
7540,1.0
9996,1.0
4283,1.0
15177,1.0
3873,1.0
15893,1.0
2955,1.0
6633,1.0
213,1.0
4593,1.0
15253,1.0
2915,1.0
7733,1.0
3871,1.0
2649,1.0
15466,1.0
10455,1.0
10360,1.0
750,1.0
10207,1.0
8648,1.0
2848,1.0
5306,1.0
2979,1.0
9720,1.0
5137,1.0
13774,1.0
13025,1.0
5522,1.0
817,1.0
1636,1.0
9310,1.0
8153,1.0
1548,1.0
14874,1.0
10206,1.0
13240,1.0
7463,1.0
9275,1.0
11735,1.0
1993,1.0
7910,1.0
14563,1.0
15359,1.0
8457,1.0
13211,1.0
3819,1.0
6825,1.0
7553,1.0
913,1.0
13535,1.0
14118,1.0
1740,1.0
341,1.0
8549,1.0
557,1.0
117,1.0
4109,1.0
11894,1.0
13637,1.0
14981,1.0
1373,1.0
13227,1.0
5371,1.0
12445,1.0
12932,1.0
2699,1.0
13275,1.0
12064,1.0
6920,1.0
12391,1.0
10538,1.0
3938,1.0
4608,1.0
1371,1.0
1251,1.0
706,1.0
2407,1.0
4221,1.0
11619,1.0
1215,1.0
2091,1.0
6842,1.0
3648,1.0
7584,1.0
11444,1.0
15501,1.0
2618,1.0
6118,1.0
13916,1.0
1939,1.0
6614,1.0
5756,1.0
3001,1.0
1359,1.0
13580,1.0
4853,1.0
3291,1.0
3030,1.0
16181,1.0
2741,1.0
12426,1.0
15957,1.0
12082,1.0
5605,1.0
10594,1.0
8290,1.0
12661,1.0
10755,1.0
15046,1.0
12990,1.0
14031,1.0
11772,1.0
618,1.0
7087,1.0
14748,1.0
9417,1.0
8150,1.0
16044,1.0
1092,1.0
8276,1.0
1685,1.0
13191,1.0
7993,1.0
3793,1.0
837,1.0
15125,1.0
5914,1.0
4610,1.0
5483,1.0
9094,1.0
5872,1.0
3015,1.0
5409,1.0
9566,1.0
12731,1.0
14069,1.0
13605,1.0
2007,1.0
3092,1.0
10598,1.0
1649,1.0
14190,1.0
13911,1.0
2949,1.0
9986,1.0
6503,1.0
6403,1.0
2471,1.0
7027,1.0
15118,1.0
5970,1.0
10631,1.0
10072,1.0
5945,1.0
13863,1.0
6593,1.0
14564,1.0
8120,1.0
7760,1.0
2940,1.0
9544,1.0
7380,1.0
6904,1.0
7347,1.0
13138,1.0
14516,1.0
15869,1.0
2517,1.0
9772,1.0
39,1.0
11137,1.0
11054,1.0
646,1.0
4404,1.0
1385,1.0
4592,1.0
14284,1.0
1296,1.0
839,1.0
14385,1.0
15984,1.0
906,1.0
2824,1.0
11605,1.0
13946,1.0
12435,1.0
9743,1.0
10014,1.0
5963,1.0
4274,1.0
4952,1.0
10917,1.0
9647,1.0
551,1.0
5790,1.0
865,1.0
13531,1.0
4950,1.0
14239,1.0
3158,1.0
10630,1.0
11266,1.0
363,1.0
11208,1.0
15500,1.0
14114,1.0
5145,1.0
4315,1.0
12948,1.0
6953,1.0
3413,1.0
4759,1.0
1107,1.0
15143,1.0
11405,1.0
1913,1.0
10107,1.0
7002,1.0
6198,1.0
11879,1.0
6208,1.0
2027,1.0
13387,1.0
9612,1.0
11786,1.0
11928,1.0
13658,1.0
12965,1.0
4546,1.0
10921,1.0
4113,1.0
11586,1.0
9022,1.0
10627,1.0
7222,1.0
169,1.0
16002,1.0
9545,1.0
11164,1.0
15502,1.0
6298,1.0
3383,1.0
8660,1.0
15322,1.0
4424,1.0
14612,1.0
6705,1.0
1334,1.0
12189,1.0
478,1.0
829,1.0
6893,1.0
146,1.0
14496,1.0
5744,1.0
7331,1.0
12187,1.0
5264,1.0
7991,1.0
6631,1.0
2754,1.0
14392,1.0
15358,1.0
12414,1.0
2107,1.0
4086,1.0
13506,1.0
10796,1.0
7702,1.0
8740,1.0
554,1.0
13848,1.0
13327,1.0
15646,1.0
7003,1.0
4419,1.0
8844,1.0
575,1.0
13876,1.0
14039,1.0
2760,1.0
4026,1.0
13977,1.0
14666,1.0
5289,1.0
5922,1.0
9559,1.0
14226,1.0
14663,1.0
14098,1.0
3271,1.0
14115,1.0
9185,1.0
11793,1.0
11426,1.0
10482,1.0
11748,1.0
1817,1.0
11065,1.0
1605,1.0
14819,1.0
672,1.0
12144,1.0
14407,1.0
13235,1.0
8262,1.0
844,1.0
13350,1.0
9586,1.0
135,1.0
5857,1.0
15595,1.0
3637,1.0
7332,1.0
1396,1.0
6461,1.0
9535,1.0
5557,1.0
7007,1.0
7005,1.0
7913,1.0
8743,1.0
10229,1.0
11483,1.0
9876,1.0
14116,1.0
7664,1.0
10247,1.0
3611,1.0
6984,1.0
16010,1.0
12145,1.0
15098,1.0
13549,1.0
2510,1.0
12360,1.0
4959,1.0
14809,1.0
13612,1.0
7635,1.0
9892,1.0
11989,1.0
13320,1.0
4954,1.0
12171,1.0
14471,1.0
13724,1.0
13617,1.0
7405,1.0
10759,1.0
6737,1.0
5710,1.0
2386,1.0
14947,1.0
11446,1.0
11290,1.0
3756,1.0
8320,1.0
2418,1.0
15728,1.0
10249,1.0
8304,1.0
131,1.0
6395,1.0
8484,1.0
16211,1.0
5336,1.0
962,1.0
9288,1.0
6578,1.0
4686,1.0
1690,1.0
10907,1.0
1588,1.0
6043,1.0
5597,1.0
875,1.0
4635,1.0
6626,1.0
6031,1.0
5188,1.0
11245,1.0
755,1.0
5060,1.0
6306,1.0
15895,1.0
9311,1.0
12139,1.0
440,1.0
12918,1.0
11790,1.0
10672,1.0
6958,1.0
7927,1.0
988,1.0
11033,1.0
12639,1.0
3875,1.0
14093,1.0
369,1.0
1340,1.0
15525,1.0
15463,1.0
9279,1.0
8849,1.0
2252,1.0
13736,1.0
14830,1.0
15907,1.0
10326,1.0
8209,1.0
12738,1.0
11591,1.0
3698,1.0
4627,1.0
4147,1.0
9079,1.0
1521,1.0
3077,1.0
8679,1.0
5096,1.0
11674,1.0
12726,1.0
5081,1.0
9758,1.0
11522,1.0
227,1.0
14270,1.0
12176,1.0
2763,1.0
15001,1.0
5399,1.0
4544,1.0
2595,1.0
13188,1.0
7732,1.0
1695,1.0
13717,1.0
14211,1.0
13734,1.0
10255,1.0
6068,1.0
7720,1.0
10761,1.0
1467,1.0
6753,1.0
5622,1.0
1330,1.0
479,1.0
7448,1.0
14681,1.0
16268,1.0
1354,1.0
2665,1.0
12268,1.0
11420,1.0
7830,1.0
15242,1.0
12705,1.0
9921,1.0
12111,1.0
2538,1.0
10037,1.0
14695,1.0
5482,1.0
10352,1.0
10842,1.0
799,1.0
4320,1.0
2310,1.0
11197,1.0
10199,1.0
5046,1.0
8682,1.0
385,1.0
1711,1.0
6854,1.0
8890,1.0
1181,1.0
9048,1.0
7412,1.0
12753,1.0
12356,1.0
6332,1.0
2375,1.0
238,1.0
4028,1.0
16283,1.0
1722,1.0
15827,1.0
14915,1.0
2656,1.0
2218,1.0
11700,1.0
921,1.0
5886,1.0
14230,1.0
9271,1.0
1065,1.0
4912,1.0
7048,1.0
4036,1.0
2757,1.0
5602,1.0
1603,1.0
10483,1.0
13636,1.0
9306,1.0
6704,1.0
9305,1.0
6099,1.0
7842,1.0
12943,1.0
9047,1.0
433,1.0
1245,1.0
1616,1.0
2200,1.0
12714,1.0
2566,1.0
14195,1.0
7774,1.0
9045,1.0
5247,1.0
11597,1.0
2404,1.0
7659,1.0
5563,1.0
957,1.0
13855,1.0
5224,1.0
7275,1.0
5804,1.0
4105,1.0
11124,1.0
10819,1.0
11235,1.0
1800,1.0
633,1.0
993,1.0
10733,1.0
7185,1.0
4151,1.0
8742,1.0
8955,1.0
12576,1.0
14241,1.0
7630,1.0
3169,1.0
14242,1.0
10277,1.0
11415,1.0
2423,1.0
6512,1.0
7280,1.0
13046,1.0
11151,1.0
2015,1.0
1231,1.0
4787,1.0
12912,1.0
2001,1.0
5263,1.0
10001,1.0
12530,1.0
12784,1.0
7510,1.0
490,1.0
491,1.0
15171,1.0
6534,1.0
4640,1.0
9888,1.0
13782,1.0
8991,1.0
2043,1.0
9760,1.0
313,1.0
16226,1.0
3203,1.0
5611,1.0
6550,1.0
7330,1.0
7571,1.0
151,1.0
5517,1.0
8946,1.0
11317,1.0
6733,1.0
14549,1.0
2261,1.0
7010,1.0
679,1.0
4467,1.0
11874,1.0
5464,1.0
8212,1.0
2586,1.0
813,1.0
9680,1.0
2735,1.0
15312,1.0
7014,1.0
764,1.0
6998,1.0
13486,1.0
10402,1.0
2863,1.0
6862,1.0
4567,1.0
2230,1.0
6188,2.0
5056,2.0
3758,2.0
3680,1.0
1399,2.0
3932,2.0
7403,2.0
5695,2.0
4243,2.0
5147,2.0
13880,2.0
9782,2.0
4365,2.0
1186,2.0
5874,2.0
7903,2.0
187,2.0
9076,2.0
9074,2.0
6584,2.0
14764,2.0
13222,2.0
9670,2.0
10061,2.0
5828,2.0
11166,2.0
13884,2.0
6758,2.0
8358,2.0
7875,2.0
13522,2.0
11254,2.0
9991,2.0
294,2.0
5852,2.0
7453,2.0
10028,2.0
9863,2.0
6978,2.0
14147,2.0
12225,2.0
15875,2.0
1971,2.0
1424,2.0
9712,2.0
7657,2.0
3043,2.0
8850,2.0
14370,2.0
10498,2.0
4220,2.0
10737,2.0
11466,2.0
409,2.0
5142,2.0
13874,2.0
7818,2.0
6283,2.0
9365,2.0
2554,2.0
6355,2.0
1849,2.0
1837,2.0
10509,2.0
5961,2.0
650,2.0
10879,2.0
1261,2.0
15750,2.0
3253,2.0
12904,2.0
6886,2.0
5150,2.0
9424,2.0
5026,2.0
15268,2.0
7350,2.0
7752,2.0
8621,2.0
13942,2.0
9285,2.0
8054,2.0
11502,2.0
8470,2.0
8696,2.0
10832,2.0
279,2.0
13841,2.0
9674,2.0
14400,2.0
1225,2.0
2284,2.0
13585,2.0
6329,2.0
2518,2.0
7111,2.0
1465,2.0
2012,2.0
13053,2.0
3703,2.0
14157,2.0
9201,2.0
5591,2.0
4834,2.0
15481,2.0
11807,2.0
16132,2.0
10813,2.0
4353,2.0
15545,2.0
15591,2.0
13075,2.0
9070,2.0
15355,2.0
2597,2.0
12998,2.0
13741,2.0
15169,2.0
11361,2.0
14393,2.0
13576,2.0
7561,2.0
5384,2.0
12678,2.0
10861,2.0
10855,2.0
8842,2.0
2864,2.0
10793,2.0
3482,2.0
1079,2.0
8799,2.0
9878,2.0
11628,2.0
3155,2.0
1751,2.0
14095,2.0
5287,2.0
13726,2.0
15659,2.0
8439,2.0
9492,2.0
4725,2.0
5039,2.0
804,2.0
8744,2.0
9256,2.0
11932,2.0
13009,2.0
14749,2.0
8147,2.0
14033,2.0
12330,2.0
14918,2.0
250,2.0
242,2.0
942,2.0
13087,2.0
13267,2.0
2372,2.0
4791,2.0
12928,2.0
2426,2.0
7785,2.0
13873,2.0
9721,2.0
11449,2.0
3923,2.0
8545,2.0
2199,2.0
14923,2.0
15727,2.0
15047,2.0
15347,2.0
15265,2.0
15748,2.0
15421,2.0
6731,2.0
11510,2.0
9650,2.0
4203,2.0
4133,2.0
13994,2.0
15439,2.0
12756,2.0
15586,2.0
593,2.0
3634,2.0
12884,2.0
15366,2.0
7196,2.0
13408,2.0
614,2.0
14678,2.0
7443,2.0
11041,2.0
11404,2.0
5833,2.0
1576,2.0
7026,2.0
5599,2.0
370,2.0
15949,2.0
7318,2.0
12043,2.0
16264,2.0
12073,2.0
7112,2.0
15582,2.0
11217,2.0
6281,2.0
9214,2.0
10357,2.0
9397,2.0
15497,2.0
6808,2.0
5317,2.0
14557,2.0
8577,2.0
10007,2.0
11930,2.0
121,2.0
15915,2.0
4525,2.0
6370,2.0
9061,2.0
11620,2.0
10701,2.0
4991,2.0
7011,2.0
693,2.0
13987,2.0
2766,2.0
2997,2.0
13852,2.0
8667,2.0
2305,2.0
1930,2.0
15773,2.0
12003,2.0
6922,2.0
4534,2.0
9808,2.0
9319,2.0
14645,2.0
9676,2.0
6024,2.0
2041,2.0
7730,2.0
13600,2.0
11957,2.0
1635,2.0
2593,2.0
48,2.0
8458,2.0
4439,2.0
1171,2.0
5190,2.0
4746,2.0
7281,2.0
14852,2.0
3535,2.0
10767,2.0
12432,2.0
6462,2.0
3572,2.0
13198,2.0
13896,2.0
195,2.0
12992,2.0
2563,2.0
15787,2.0
11067,2.0
8043,2.0
8751,2.0
12707,2.0
7019,2.0
6743,2.0
3689,2.0
12104,2.0
13813,2.0
14949,2.0
14266,2.0
4884,2.0
3238,2.0
8625,2.0
14435,2.0
8917,2.0
1899,2.0
9020,2.0
12621,2.0
931,2.0
12493,2.0
13340,2.0
7065,2.0
9611,2.0
12543,2.0
715,2.0
402,2.0
2729,2.0
11397,2.0
2950,2.0
1316,2.0
15690,2.0
7600,2.0
6912,2.0
15411,2.0
2277,2.0
2197,2.0
2397,2.0
968,2.0
5827,2.0
4580,2.0
12822,2.0
11308,2.0
535,2.0
3362,2.0
8191,2.0
14860,2.0
4481,2.0
6774,2.0
6798,2.0
4054,2.0
14206,2.0
12902,2.0
14862,2.0
12247,2.0
88,2.0
9315,2.0
13760,2.0
454,2.0
3671,2.0
752,2.0
6511,2.0
10411,2.0
4577,2.0
14575,2.0
10230,2.0
8866,2.0
1200,2.0
8664,2.0
4380,2.0
13417,2.0
14263,2.0
13397,2.0
9835,2.0
9952,2.0
9824,2.0
7916,2.0
10423,2.0
8838,2.0
10264,2.0
5612,2.0
3899,2.0
15922,2.0
13539,2.0
15884,2.0
15679,2.0
14592,2.0
14377,2.0
472,2.0
8207,2.0
10342,2.0
15210,2.0
6303,2.0
1185,2.0
13067,2.0
9715,2.0
7784,2.0
15077,2.0
933,2.0
6098,2.0
885,2.0
2519,2.0
688,2.0
7327,2.0
4694,2.0
3283,2.0
12421,2.0
12828,2.0
14130,2.0
13450,2.0
7532,2.0
3200,2.0
8623,2.0
3098,2.0
11259,2.0
12782,2.0
7962,2.0
4418,2.0
13212,2.0
9145,2.0
9930,2.0
9833,2.0
8963,2.0
1234,2.0
5207,2.0
7154,2.0
1940,2.0
5909,2.0
6128,2.0
3033,2.0
5166,2.0
10371,2.0
14265,2.0
7291,2.0
1370,2.0
8350,2.0
5824,2.0
14870,2.0
10325,2.0
11318,2.0
10024,2.0
13665,2.0
11130,2.0
1516,2.0
2295,2.0
10302,2.0
11257,2.0
13619,2.0
5392,2.0
15458,2.0
15089,2.0
13802,2.0
125,2.0
1659,2.0
14368,2.0
7650,2.0
13384,2.0
7514,2.0
9314,2.0
15203,2.0
5058,2.0
7649,2.0
12652,2.0
7508,2.0
13821,2.0
9507,2.0
4789,2.0
3759,2.0
10396,2.0
13875,2.0
5846,2.0
10640,2.0
10840,2.0
11651,2.0
233,2.0
2126,2.0
6139,1.0
1775,2.0
7855,2.0
8071,2.0
14634,2.0
7888,2.0
13137,2.0
4530,2.0
1672,2.0
1563,2.0
8244,2.0
3391,2.0
4493,2.0
1535,2.0
11168,2.0
3493,2.0
12095,2.0
7269,2.0
9749,2.0
4609,2.0
12226,2.0
4801,2.0
15758,2.0
13818,2.0
5575,2.0
13864,2.0
10122,2.0
434,2.0
11238,2.0
1321,2.0
413,2.0
691,2.0
10657,2.0
12274,2.0
11206,2.0
1405,2.0
1226,2.0
11517,2.0
12486,2.0
8302,2.0
944,2.0
12498,2.0
7353,2.0
2936,2.0
10094,2.0
728,2.0
10232,2.0
14307,2.0
14697,2.0
16221,2.0
8169,2.0
7169,2.0
11353,2.0
6887,2.0
10822,2.0
4142,2.0
12038,2.0
15547,2.0
5318,2.0
7736,2.0
9329,2.0
577,2.0
5738,2.0
11489,2.0
4461,2.0
4242,2.0
4681,2.0
9224,2.0
2752,2.0
8738,2.0
6881,2.0
2884,2.0
4757,2.0
10416,2.0
1135,2.0
1266,2.0
15781,2.0
15168,2.0
13164,2.0
14703,2.0
5513,2.0
15282,2.0
6206,2.0
9149,2.0
12054,2.0
4256,2.0
3737,2.0
12449,2.0
15737,2.0
6447,2.0
2009,2.0
4897,2.0
16235,2.0
8757,2.0
8655,2.0
2981,2.0
10415,2.0
11967,2.0
6339,2.0
15505,2.0
4545,2.0
1942,2.0
1626,2.0
14705,2.0
4818,2.0
7934,2.0
13951,2.0
12833,2.0
5911,2.0
15469,2.0
10857,2.0
13018,2.0
8107,2.0
14986,2.0
7198,2.0
3153,2.0
8713,2.0
8840,2.0
3401,2.0
6154,2.0
4774,2.0
3243,2.0
8363,2.0
5516,2.0
7212,2.0
5716,2.0
1717,2.0
12276,2.0
14822,2.0
13060,2.0
5993,2.0
2530,2.0
2647,2.0
1427,2.0
8925,2.0
8661,2.0
11135,2.0
13249,2.0
15649,2.0
8658,2.0
11343,2.0
12845,2.0
3647,2.0
2868,2.0
11126,2.0
12524,2.0
8634,2.0
15741,2.0
12385,2.0
3898,2.0
12635,2.0
548,2.0
16100,2.0
1423,1.0
6793,2.0
3814,2.0
5178,2.0
8345,2.0
14185,2.0
7338,2.0
12539,2.0
5958,2.0
14427,2.0
4475,2.0
10654,2.0
6693,2.0
12227,2.0
11817,2.0
2943,2.0
10564,2.0
13151,2.0
5784,2.0
6869,2.0
3861,2.0
12584,2.0
9090,2.0
8572,2.0
2487,2.0
8510,2.0
7696,2.0
6023,2.0
15070,2.0
9842,2.0
13322,2.0
11173,2.0
14378,2.0
6548,2.0
6656,2.0
12564,2.0
475,2.0
1053,2.0
8365,2.0
1814,2.0
14533,2.0
8018,2.0
15979,2.0
5314,2.0
1918,2.0
9162,2.0
15054,2.0
6449,2.0
14489,2.0
6077,2.0
1073,2.0
1483,2.0
1545,2.0
7208,2.0
3076,2.0
14091,2.0
7488,2.0
4965,2.0
13228,2.0
8547,2.0
14497,2.0
8401,2.0
4899,2.0
10148,2.0
11584,2.0
12014,2.0
432,2.0
2320,2.0
5819,2.0
10637,2.0
4863,2.0
15769,2.0
9024,2.0
6702,2.0
13744,2.0
2831,2.0
15822,2.0
3844,2.0
14418,2.0
377,2.0
6407,2.0
11083,2.0
2879,2.0
2806,2.0
8270,2.0
2210,2.0
8791,2.0
1392,2.0
524,2.0
14907,2.0
11231,2.0
3533,2.0
10296,2.0
12771,2.0
6625,2.0
8378,2.0
15816,2.0
9626,2.0
14977,2.0
15899,2.0
8285,2.0
14728,2.0
9525,2.0
12319,2.0
5186,2.0
8004,2.0
13201,2.0
7588,2.0
8944,2.0
11184,2.0
3605,2.0
3382,2.0
12149,2.0
636,2.0
15637,2.0
2272,2.0
8334,2.0
11138,2.0
11821,2.0
16187,2.0
8772,2.0
10226,2.0
9426,2.0
10428,2.0
2345,2.0
6110,2.0
8205,2.0
5375,2.0
7951,2.0
13440,2.0
723,2.0
10404,2.0
15870,2.0
4304,2.0
9822,2.0
2165,2.0
5598,2.0
5825,2.0
14251,2.0
671,2.0
5050,2.0
15705,2.0
12365,2.0
2142,2.0
11393,2.0
299,2.0
10805,2.0
14769,2.0
14158,2.0
12163,2.0
11268,2.0
14639,2.0
15454,2.0
16051,2.0
3436,2.0
1696,2.0
8638,2.0
8482,2.0
8966,2.0
12154,2.0
16222,2.0
3660,2.0
16109,2.0
2108,2.0
7384,2.0
15914,2.0
16195,2.0
10648,2.0
13321,2.0
419,2.0
11762,2.0
7518,2.0
3738,2.0
6307,2.0
5518,2.0
11153,2.0
12402,2.0
9784,2.0
16266,2.0
3693,2.0
6422,2.0
9215,2.0
10147,2.0
10539,2.0
8046,2.0
14700,2.0
2189,2.0
13630,2.0
9115,2.0
10185,2.0
566,2.0
10525,2.0
7090,2.0
13286,2.0
1492,2.0
2855,2.0
11351,2.0
10649,2.0
1960,2.0
14449,2.0
2373,2.0
14075,2.0
12591,2.0
13013,2.0
15139,2.0
11044,2.0
7031,2.0
14259,2.0
11655,2.0
15901,2.0
387,2.0
14871,2.0
1727,2.0
11600,2.0
1005,2.0
3370,2.0
7345,2.0
8025,2.0
776,2.0
6434,2.0
15429,2.0
15276,2.0
2266,2.0
7446,2.0
11615,2.0
8399,2.0
13224,2.0
16233,2.0
11216,2.0
12974,2.0
7786,2.0
11398,2.0
2952,2.0
8562,2.0
14568,2.0
469,2.0
7473,2.0
3388,2.0
10846,2.0
8628,2.0
1919,2.0
13856,2.0
13480,2.0
3288,2.0
11784,2.0
12953,2.0
12939,2.0
6880,2.0
15860,2.0
480,2.0
321,2.0
13614,2.0
10727,2.0
9294,2.0
4512,2.0
6675,2.0
6639,2.0
7398,2.0
6392,2.0
12451,2.0
6966,2.0
15071,2.0
6670,2.0
5887,2.0
16074,2.0
7638,2.0
1178,2.0
11401,2.0
6059,2.0
6768,2.0
2740,2.0
14979,2.0
6113,2.0
13923,2.0
8174,2.0
15797,2.0
15993,2.0
11521,2.0
677,2.0
6566,2.0
11647,2.0
14636,2.0
13685,2.0
14420,2.0
8786,2.0
14486,2.0
12574,2.0
4830,2.0
15521,2.0
11042,2.0
261,2.0
11147,2.0
12143,2.0
1565,2.0
533,2.0
5331,2.0
692,2.0
6134,2.0
6487,2.0
9815,2.0
7246,2.0
11141,2.0
74,2.0
13086,2.0
3777,2.0
6217,2.0
13882,2.0
5725,2.0
9995,2.0
2153,2.0
8665,2.0
10458,2.0
3488,2.0
13297,2.0
2693,2.0
12403,2.0
10414,2.0
13867,2.0
2254,2.0
16012,2.0
1797,2.0
11677,2.0
11470,2.0
9373,2.0
662,2.0
2046,2.0
5029,2.0
1478,2.0
4578,2.0
6014,2.0
7423,2.0
6554,2.0
12718,2.0
12897,2.0
12293,2.0
11537,2.0
9093,2.0
14500,2.0
1830,2.0
13055,2.0
177,2.0
6716,2.0
8214,2.0
9645,2.0
7015,2.0
2967,2.0
7562,2.0
7148,2.0
12248,2.0
9900,2.0
6860,2.0
8539,2.0
15894,2.0
5403,2.0
13103,2.0
14070,2.0
496,2.0
